               epoch,      train/box_loss,      train/obj_loss,      train/cls_loss,   metrics/precision,      metrics/recall,     metrics/mAP_0.5,metrics/mAP_0.5:0.95,        val/box_loss,        val/obj_loss,        val/cls_loss,               x/lr0,               x/lr1,               x/lr2
                   0,            0.085458,            0.060796,              0.1147,           0.0002221,           0.0034354,            0.000117,          1.4274e-05,            0.087874,            0.091707,             0.10648,              0.0955,              0.0005,              0.0005
                   1,            0.073608,            0.050444,            0.093416,           0.0015497,              0.0158,            0.001221,          0.00027769,            0.091284,            0.089696,             0.11446,            0.090096,           0.0010964,           0.0010964
                   2,            0.061992,            0.048593,            0.088819,            0.045114,            0.025903,          0.00089718,          0.00024179,            0.094954,             0.29089,             0.13163,            0.084689,           0.0016888,           0.0016888
                   3,            0.061281,             0.04746,            0.086626,             0.13335,           0.0038793,          0.00046578,          0.00012242,            0.092476,             0.30776,             0.11229,            0.079277,           0.0022772,           0.0022772
                   4,            0.063608,            0.047513,             0.08379,             0.26139,           0.0023001,          0.00021868,           4.133e-05,            0.090099,             0.55309,             0.11532,            0.073862,           0.0028617,           0.0028617
                   5,            0.062345,            0.045848,            0.081382,           0.0013159,            0.020887,          0.00077847,          0.00020538,            0.089045,              0.6398,             0.12304,            0.068442,           0.0034422,           0.0034422
                   6,            0.059601,            0.045864,            0.078953,             0.13386,            0.032966,            0.001556,          0.00033863,            0.088868,              0.2298,             0.15639,            0.063019,           0.0040188,           0.0040188
                   7,            0.056156,            0.045309,            0.075935,            0.090093,            0.029297,           0.0019232,          0.00042947,            0.093105,            0.097125,             0.47981,            0.057591,           0.0045914,           0.0045914
                   8,            0.054097,            0.045743,            0.073553,            0.049996,            0.031429,           0.0026134,          0.00055207,            0.089524,             0.12835,             0.28501,             0.05216,           0.0051601,           0.0051601
                   9,            0.051483,            0.044516,            0.072955,             0.35804,            0.086039,           0.0092827,           0.0021915,            0.080568,             0.26504,             0.18223,            0.046725,           0.0057248,           0.0057248
                  10,            0.055251,            0.043605,            0.068648,             0.19724,            0.065963,            0.014016,           0.0033762,            0.086601,             0.13653,             0.50413,            0.041285,           0.0062855,           0.0062855
                  11,            0.051572,            0.043507,            0.067242,             0.57105,            0.027488,           0.0037843,          0.00077843,            0.086683,             0.18013,              0.3227,            0.035842,           0.0068423,           0.0068423
                  12,            0.047564,            0.043615,            0.063466,            0.051612,            0.039941,           0.0052951,           0.0010414,            0.088518,             0.31142,             0.41038,            0.030395,           0.0073951,           0.0073951
                  13,            0.047051,               0.044,            0.060908,             0.46783,            0.085653,            0.015827,           0.0042135,            0.075217,             0.19749,             0.12704,            0.024944,           0.0079439,           0.0079439
                  14,            0.046332,            0.042461,            0.057656,             0.24151,             0.13925,            0.023066,           0.0064386,             0.07077,              0.1839,             0.10818,            0.019489,           0.0084888,           0.0084888
                  15,            0.047775,             0.04284,            0.056301,             0.51334,            0.068667,            0.035302,            0.010549,            0.068556,             0.19766,            0.099148,             0.01403,           0.0090297,           0.0090297
                  16,            0.053988,             0.04331,            0.055087,             0.61619,             0.10549,             0.03643,            0.008718,            0.073257,              0.1812,             0.10054,            0.009472,            0.009472,            0.009472
                  17,            0.057418,            0.043155,            0.056862,             0.24278,            0.071056,            0.023123,           0.0066953,            0.081749,             0.17481,              0.3227,            0.009472,            0.009472,            0.009472
                  18,            0.052087,            0.043785,            0.053217,             0.19558,            0.089243,            0.021157,           0.0060396,            0.079637,             0.15513,             0.25684,            0.009439,            0.009439,            0.009439
                  19,            0.051853,            0.043581,            0.051362,             0.24664,             0.14743,            0.031052,           0.0080929,            0.065408,             0.17408,             0.11468,            0.009406,            0.009406,            0.009406
                  20,            0.047996,            0.044718,            0.050357,             0.35164,             0.19322,            0.070291,            0.017415,             0.05682,             0.17343,             0.10313,            0.009373,            0.009373,            0.009373
                  21,            0.047998,            0.042546,            0.047668,             0.12724,              0.2966,            0.056232,            0.015372,            0.057195,             0.20741,             0.11671,             0.00934,             0.00934,             0.00934
                  22,            0.046566,             0.04194,            0.047525,             0.52003,             0.14599,             0.07581,            0.020579,            0.059625,             0.19551,             0.10308,            0.009307,            0.009307,            0.009307
                  23,            0.047134,            0.042738,             0.04751,             0.13419,             0.29996,            0.071386,            0.021779,            0.057646,             0.19413,             0.10908,            0.009274,            0.009274,            0.009274
                  24,            0.045819,            0.042777,            0.045519,             0.52492,             0.13601,             0.10746,            0.034661,            0.052578,             0.20249,             0.09839,            0.009241,            0.009241,            0.009241
                  25,            0.046225,            0.042824,            0.043948,             0.33366,             0.27282,             0.10241,             0.03306,            0.051557,             0.15719,             0.10829,            0.009208,            0.009208,            0.009208
                  26,            0.044311,            0.042862,            0.042872,             0.34798,             0.26901,             0.12049,            0.039613,             0.05203,             0.15742,            0.097098,            0.009175,            0.009175,            0.009175
                  27,            0.043705,            0.042658,              0.0416,             0.44323,             0.23836,             0.11851,            0.039106,            0.051596,             0.15632,            0.093074,            0.009142,            0.009142,            0.009142
                  28,            0.041722,            0.042591,            0.039563,             0.49221,             0.25198,             0.11944,            0.039742,            0.050449,             0.15349,            0.094547,            0.009109,            0.009109,            0.009109
                  29,            0.042713,            0.042253,            0.040397,             0.34113,             0.18817,             0.10047,             0.03636,            0.051827,             0.18713,             0.10089,            0.009076,            0.009076,            0.009076
                  30,            0.041296,            0.041887,            0.038873,             0.34844,             0.17314,            0.093367,            0.031973,            0.053797,             0.20676,             0.09787,            0.009043,            0.009043,            0.009043
                  31,            0.041678,            0.041094,            0.038499,             0.45329,             0.19561,             0.12549,            0.043592,            0.055396,             0.23805,            0.096621,             0.00901,             0.00901,             0.00901
                  32,            0.040273,            0.040662,            0.035558,             0.45981,             0.24537,             0.14223,            0.049658,            0.050795,             0.20595,            0.090851,            0.008977,            0.008977,            0.008977
                  33,            0.042808,            0.041691,            0.036292,             0.43845,             0.28059,             0.16029,            0.054243,             0.04754,             0.17674,            0.085318,            0.008944,            0.008944,            0.008944
                  34,            0.040859,            0.041542,            0.033511,             0.47109,             0.25897,             0.16224,            0.058333,            0.045869,             0.17599,            0.082607,            0.008911,            0.008911,            0.008911
                  35,            0.040325,            0.041643,            0.033607,             0.38942,             0.33611,             0.21643,            0.082594,            0.044543,             0.14844,            0.066109,            0.008878,            0.008878,            0.008878
                  36,            0.040121,            0.040553,            0.032074,             0.49865,             0.36952,              0.3013,             0.11718,            0.042968,             0.14234,            0.057192,            0.008845,            0.008845,            0.008845
                  37,             0.04014,            0.041362,            0.031051,             0.54423,             0.35643,             0.32497,             0.11603,            0.044328,              0.1506,            0.054054,            0.008812,            0.008812,            0.008812
                  38,            0.039292,            0.041054,            0.030402,             0.62475,             0.37424,             0.37033,             0.14317,            0.042854,             0.14326,            0.046334,            0.008779,            0.008779,            0.008779
                  39,            0.038604,            0.040729,            0.030345,             0.52155,             0.49354,             0.45557,             0.18484,            0.040003,              0.1289,            0.039871,            0.008746,            0.008746,            0.008746
                  40,            0.037541,            0.040058,            0.028882,             0.58262,             0.47727,             0.45339,             0.17913,            0.040096,             0.12619,            0.041138,            0.008713,            0.008713,            0.008713
                  41,            0.039701,            0.040279,            0.027754,             0.47863,             0.48843,             0.43128,             0.17917,            0.042051,             0.13538,            0.044857,             0.00868,             0.00868,             0.00868
                  42,            0.038477,            0.039814,            0.026876,             0.51217,             0.45011,             0.42916,             0.19224,            0.040817,             0.13796,            0.043623,            0.008647,            0.008647,            0.008647
                  43,            0.038198,             0.04008,            0.026365,             0.58085,               0.438,             0.45242,             0.19951,            0.040933,             0.13933,            0.042658,            0.008614,            0.008614,            0.008614
                  44,            0.037137,             0.03962,            0.025598,             0.67718,             0.50252,             0.51879,             0.22192,            0.038541,             0.12902,            0.039509,            0.008581,            0.008581,            0.008581
                  45,             0.03743,            0.039998,              0.0256,             0.63403,             0.54333,             0.56731,             0.23729,            0.037672,             0.10493,            0.031803,            0.008548,            0.008548,            0.008548
                  46,            0.037357,             0.03991,            0.024279,             0.64344,             0.55115,              0.5435,             0.22819,            0.037135,             0.10473,            0.030936,            0.008515,            0.008515,            0.008515
                  47,            0.037631,            0.040071,            0.023956,             0.66656,             0.48167,             0.49735,             0.22833,            0.036294,             0.10378,            0.033152,            0.008482,            0.008482,            0.008482
                  48,            0.036216,            0.039795,            0.022987,             0.64907,             0.48786,             0.52319,             0.23981,            0.035954,              0.1023,            0.033924,            0.008449,            0.008449,            0.008449
                  49,            0.036873,            0.039984,            0.023469,             0.71763,             0.48096,             0.50968,             0.21957,            0.037196,             0.11068,            0.041106,            0.008416,            0.008416,            0.008416
                  50,            0.036397,            0.040017,            0.021969,             0.73947,             0.46728,             0.53494,              0.2355,            0.036476,             0.10752,            0.038973,            0.008383,            0.008383,            0.008383
                  51,            0.036601,            0.039661,            0.022265,             0.77052,             0.56653,             0.66146,             0.29066,            0.036576,             0.10028,            0.027155,             0.00835,             0.00835,             0.00835
                  52,            0.036682,            0.039418,            0.021421,             0.77072,             0.53889,             0.63864,             0.28415,            0.035193,              0.1012,            0.032041,            0.008317,            0.008317,            0.008317
                  53,            0.036032,            0.039959,            0.021164,             0.75518,             0.49296,             0.57931,             0.24917,            0.036066,             0.11049,            0.039753,            0.008284,            0.008284,            0.008284
                  54,            0.036258,            0.039718,            0.020377,             0.81179,             0.50367,             0.62184,             0.27091,            0.035643,             0.10946,            0.037386,            0.008251,            0.008251,            0.008251
                  55,            0.037166,            0.039571,             0.02037,             0.81122,             0.54507,             0.65278,             0.29312,            0.035236,             0.10457,            0.029399,            0.008218,            0.008218,            0.008218
                  56,            0.035219,            0.038767,            0.018922,             0.81074,             0.58922,             0.66043,             0.30532,            0.035108,             0.10389,            0.026989,            0.008185,            0.008185,            0.008185
                  57,            0.037573,            0.039361,            0.018709,             0.73389,             0.56656,             0.61138,             0.27966,            0.037039,             0.10344,            0.029247,            0.008152,            0.008152,            0.008152
                  58,            0.037411,            0.039521,             0.01795,             0.77525,             0.60604,             0.67444,             0.31217,              0.0353,             0.10141,            0.026893,            0.008119,            0.008119,            0.008119
                  59,            0.037615,            0.039749,            0.018519,             0.68915,             0.62281,             0.64626,             0.28338,             0.03739,             0.10956,            0.028694,            0.008086,            0.008086,            0.008086
                  60,             0.03744,            0.039457,            0.018125,             0.72743,             0.62445,             0.65699,             0.27512,             0.03624,             0.10882,            0.029228,            0.008053,            0.008053,            0.008053
                  61,            0.037281,            0.039263,            0.017256,             0.71089,              0.6382,             0.66661,             0.29098,            0.037073,             0.10192,            0.030676,             0.00802,             0.00802,             0.00802
                  62,            0.037401,            0.039879,            0.017363,             0.73673,             0.67712,             0.73473,             0.32145,            0.035998,            0.099298,            0.024098,            0.007987,            0.007987,            0.007987
                  63,            0.036545,            0.039492,            0.016524,             0.76388,             0.60636,             0.67198,             0.31951,            0.036129,            0.099858,            0.023712,            0.007954,            0.007954,            0.007954
                  64,            0.037323,            0.039949,            0.015871,             0.82517,             0.55005,             0.65425,             0.30335,            0.036072,             0.11241,            0.029383,            0.007921,            0.007921,            0.007921
                  65,            0.037957,            0.039377,            0.015802,             0.77532,             0.58768,             0.65584,             0.29149,            0.037901,             0.12835,              0.0348,            0.007888,            0.007888,            0.007888
                  66,            0.037088,            0.039349,            0.015699,             0.73842,             0.61477,             0.66313,             0.32404,            0.035502,             0.10391,            0.028837,            0.007855,            0.007855,            0.007855
                  67,            0.036858,            0.039725,            0.015508,             0.86026,             0.56895,             0.68886,              0.2977,            0.035166,             0.10624,            0.036926,            0.007822,            0.007822,            0.007822
                  68,            0.035911,            0.039414,            0.014541,             0.84363,             0.58371,             0.66432,             0.29918,            0.035244,             0.11007,            0.034304,            0.007789,            0.007789,            0.007789
                  69,            0.035905,            0.038969,            0.014179,             0.85055,             0.59166,             0.67834,             0.32947,              0.0347,              0.1043,            0.026986,            0.007756,            0.007756,            0.007756
                  70,             0.03515,            0.039309,            0.014113,              0.8335,              0.6741,             0.76396,             0.33829,            0.034326,             0.10102,            0.023271,            0.007723,            0.007723,            0.007723
                  71,            0.036208,            0.039179,            0.014134,             0.66275,             0.54352,             0.62167,             0.29779,            0.035565,            0.099586,            0.037516,             0.00769,             0.00769,             0.00769
                  72,            0.036057,            0.038659,            0.013701,             0.56724,             0.56647,             0.58731,             0.30211,            0.034395,            0.099867,            0.040479,            0.007657,            0.007657,            0.007657
                  73,            0.035718,            0.039144,            0.014283,             0.70553,             0.43043,             0.56696,             0.26474,            0.035135,             0.10418,            0.048558,            0.007624,            0.007624,            0.007624
                  74,            0.035359,            0.039123,            0.013257,             0.72429,             0.47352,             0.63656,             0.29046,             0.03429,             0.10006,            0.044463,            0.007591,            0.007591,            0.007591
                  75,            0.036121,            0.039696,            0.012824,             0.71899,             0.50147,             0.64681,             0.31924,            0.034586,            0.098511,             0.04019,            0.007558,            0.007558,            0.007558
                  76,            0.035435,            0.038609,            0.012734,             0.74991,             0.48387,             0.66377,             0.32883,            0.033834,            0.098549,            0.041337,            0.007525,            0.007525,            0.007525
                  77,            0.035272,             0.03989,            0.012752,             0.73683,             0.50314,             0.64129,             0.30511,            0.034093,            0.099404,             0.04416,            0.007492,            0.007492,            0.007492
                  78,            0.034742,            0.038979,            0.012507,             0.67265,             0.62063,             0.72823,               0.338,            0.033715,            0.098339,            0.037081,            0.007459,            0.007459,            0.007459
                  79,             0.03551,            0.040213,            0.012542,             0.70924,             0.59699,             0.73073,             0.32946,            0.034512,             0.10076,            0.037325,            0.007426,            0.007426,            0.007426
                  80,            0.034608,            0.039529,             0.01255,             0.61811,             0.55494,             0.65094,             0.30961,            0.034223,             0.10249,            0.040013,            0.007393,            0.007393,            0.007393
                  81,            0.035013,            0.039843,            0.012575,             0.79193,             0.58292,             0.72062,             0.35343,            0.034131,             0.09797,            0.027658,             0.00736,             0.00736,             0.00736
                  82,            0.034671,            0.039064,            0.012439,             0.84443,             0.59391,             0.75134,              0.3541,            0.033791,            0.099041,            0.025652,            0.007327,            0.007327,            0.007327
                  83,            0.035228,            0.040436,            0.012557,             0.90555,             0.69528,             0.83148,             0.36168,            0.034477,            0.099846,            0.020328,            0.007294,            0.007294,            0.007294
                  84,            0.035048,            0.039357,            0.012788,             0.87873,             0.69686,             0.78916,             0.36151,            0.033584,            0.098715,            0.020834,            0.007261,            0.007261,            0.007261
                  85,            0.034775,            0.039793,              0.0139,             0.78622,             0.64376,             0.72165,             0.34348,            0.035124,             0.10036,            0.025147,            0.007228,            0.007228,            0.007228
                  86,            0.035023,            0.039081,            0.013274,             0.79198,             0.67885,             0.76035,             0.36653,            0.033481,            0.097626,            0.024512,            0.007195,            0.007195,            0.007195
                  87,            0.035083,            0.040095,            0.013819,             0.69843,             0.62066,             0.63219,             0.28155,            0.035331,             0.11304,             0.03737,            0.007162,            0.007162,            0.007162
                  88,            0.035215,             0.03952,            0.013436,             0.73404,             0.62962,             0.64851,             0.32707,            0.034923,             0.11508,            0.035936,            0.007129,            0.007129,            0.007129
                  89,            0.034725,            0.039239,            0.013486,             0.70147,             0.56974,             0.61619,             0.29792,            0.035238,             0.11258,            0.038537,            0.007096,            0.007096,            0.007096
                  90,            0.034442,            0.039168,            0.013219,             0.81169,               0.683,              0.7509,             0.36544,            0.034268,             0.10539,             0.02506,            0.007063,            0.007063,            0.007063
                  91,            0.034861,            0.038921,            0.013063,             0.76865,             0.68514,             0.78189,             0.38335,            0.033893,             0.10137,            0.025252,             0.00703,             0.00703,             0.00703
                  92,            0.034012,            0.038745,            0.011983,             0.77596,             0.68498,             0.77329,             0.38764,            0.033398,            0.099876,            0.025361,            0.006997,            0.006997,            0.006997
                  93,            0.033726,            0.039113,            0.012392,             0.78296,             0.71183,             0.78731,             0.39377,            0.033176,             0.10027,            0.022543,            0.006964,            0.006964,            0.006964
                  94,            0.033543,            0.039012,            0.011517,             0.78118,             0.72405,             0.80612,             0.40927,            0.032977,             0.10225,            0.022192,            0.006931,            0.006931,            0.006931
                  95,             0.03426,            0.039093,            0.012755,              0.8563,             0.66945,              0.7829,             0.39757,            0.033757,             0.10433,            0.021704,            0.006898,            0.006898,            0.006898
                  96,            0.034462,            0.039331,            0.012188,             0.81621,              0.6147,             0.67649,             0.35445,            0.034245,              0.1076,             0.02096,            0.006865,            0.006865,            0.006865
                  97,            0.033968,            0.038693,            0.012335,             0.80026,             0.64719,             0.70184,              0.3487,            0.033431,             0.10589,            0.020756,            0.006832,            0.006832,            0.006832
                  98,            0.033754,             0.03865,            0.010439,             0.82286,             0.69226,             0.76739,             0.39429,             0.03316,              0.1013,            0.017117,            0.006799,            0.006799,            0.006799
                  99,            0.034334,            0.038578,            0.011727,             0.82177,             0.72625,             0.84868,             0.42653,            0.033508,            0.098468,            0.012766,            0.006766,            0.006766,            0.006766
                 100,             0.03409,            0.038584,            0.010744,             0.82297,             0.72932,             0.80069,             0.41015,            0.032856,            0.098906,            0.013769,            0.006733,            0.006733,            0.006733
                 101,            0.033054,            0.038608,            0.010438,             0.82511,             0.70195,             0.77524,             0.37501,            0.033267,             0.10019,            0.018174,              0.0067,              0.0067,              0.0067
                 102,            0.033277,            0.037856,            0.010739,             0.86882,             0.72327,             0.82076,             0.41129,            0.032564,            0.097714,            0.015394,            0.006667,            0.006667,            0.006667
                 103,            0.033881,            0.038231,            0.010139,             0.88675,             0.75848,              0.8195,             0.41589,            0.032971,            0.097198,            0.011892,            0.006634,            0.006634,            0.006634
                 104,            0.033328,            0.038855,           0.0099253,             0.87032,             0.77757,             0.80879,              0.4161,            0.032433,            0.096302,            0.011427,            0.006601,            0.006601,            0.006601
                 105,            0.033455,            0.038108,           0.0096554,             0.80755,             0.78167,             0.78311,             0.41918,            0.032813,             0.09777,            0.012765,            0.006568,            0.006568,            0.006568
                 106,            0.033263,            0.038551,           0.0095024,             0.81359,             0.76485,             0.79172,             0.43736,            0.032447,            0.097281,            0.013272,            0.006535,            0.006535,            0.006535
                 107,            0.033411,            0.038592,           0.0089073,             0.83359,             0.77489,             0.84569,             0.43482,            0.032452,            0.096887,            0.014561,            0.006502,            0.006502,            0.006502
                 108,            0.032438,            0.038302,           0.0089996,             0.84025,             0.78371,             0.84181,             0.42823,            0.032684,            0.097221,            0.014808,            0.006469,            0.006469,            0.006469
                 109,            0.033746,            0.038655,           0.0092231,             0.83025,             0.77288,             0.82338,             0.43422,            0.032373,            0.096588,            0.015548,            0.006436,            0.006436,            0.006436
                 110,            0.032868,            0.037703,           0.0084139,             0.82121,             0.73977,             0.81175,             0.43293,            0.031937,            0.095898,            0.015429,            0.006403,            0.006403,            0.006403
                 111,            0.033146,            0.038113,           0.0086463,             0.86286,             0.79524,             0.83152,             0.42008,            0.032587,            0.096167,            0.013424,             0.00637,             0.00637,             0.00637
                 112,            0.033167,             0.03839,           0.0084073,             0.88119,             0.78955,              0.8375,             0.42626,            0.032157,            0.096313,            0.013501,            0.006337,            0.006337,            0.006337
                 113,            0.033116,            0.038193,           0.0086128,             0.88868,             0.77196,             0.84693,             0.42535,            0.032486,            0.096415,            0.014592,            0.006304,            0.006304,            0.006304
                 114,            0.032582,            0.037527,           0.0078368,             0.89642,             0.75778,             0.84715,             0.43487,            0.031528,            0.095558,            0.015821,            0.006271,            0.006271,            0.006271
                 115,            0.033046,            0.038122,           0.0083717,             0.86397,             0.76649,             0.84622,             0.40658,            0.032744,            0.096171,            0.014695,            0.006238,            0.006238,            0.006238
                 116,            0.033189,            0.037734,           0.0077996,             0.82956,              0.7749,             0.82432,             0.42374,            0.031711,            0.095437,            0.013911,            0.006205,            0.006205,            0.006205
                 117,            0.032811,            0.038395,           0.0080713,             0.86292,             0.80157,             0.85016,              0.4384,             0.03237,            0.095579,            0.012418,            0.006172,            0.006172,            0.006172
                 118,            0.032492,            0.037949,           0.0076415,             0.86658,             0.80934,             0.85813,             0.44551,            0.031785,            0.095023,            0.011735,            0.006139,            0.006139,            0.006139
                 119,            0.032454,            0.037433,           0.0078811,             0.87389,              0.7822,             0.84904,             0.45377,            0.031992,            0.095725,            0.010659,            0.006106,            0.006106,            0.006106
                 120,             0.03254,            0.037674,            0.007576,             0.88208,             0.79813,             0.85892,             0.48716,            0.031584,            0.094885,           0.0091391,            0.006073,            0.006073,            0.006073
                 121,            0.032617,             0.03776,           0.0077129,             0.89268,             0.83856,             0.88595,             0.45637,            0.032169,            0.095951,            0.010417,             0.00604,             0.00604,             0.00604
                 122,            0.032534,            0.037966,           0.0076158,             0.92001,             0.85006,             0.88788,             0.45978,             0.03188,            0.096231,            0.010694,            0.006007,            0.006007,            0.006007
                 123,            0.033622,            0.037674,           0.0078909,             0.89509,             0.82813,             0.87889,             0.45128,            0.032261,            0.095774,             0.01116,            0.005974,            0.005974,            0.005974
                 124,            0.032715,            0.038279,           0.0077184,             0.87785,             0.82074,             0.85477,             0.44889,            0.031769,            0.095223,            0.012129,            0.005941,            0.005941,            0.005941
                 125,            0.032753,            0.037521,           0.0074278,             0.88682,             0.81078,             0.85084,             0.44799,            0.031717,            0.095809,            0.010065,            0.005908,            0.005908,            0.005908
                 126,            0.032635,            0.037555,           0.0074975,             0.93609,             0.85084,             0.88811,             0.46063,             0.03182,             0.09554,           0.0090089,            0.005875,            0.005875,            0.005875
                 127,            0.033334,            0.037712,           0.0079246,             0.92427,             0.83313,             0.88095,             0.47783,            0.031927,            0.094202,           0.0091928,            0.005842,            0.005842,            0.005842
                 128,            0.032241,            0.036903,           0.0072707,             0.88746,             0.80197,             0.84599,             0.44968,            0.031521,            0.095036,              0.0108,            0.005809,            0.005809,            0.005809
                 129,            0.032952,            0.037966,           0.0077799,             0.89322,             0.82654,             0.89027,             0.43901,            0.032376,            0.095075,            0.010127,            0.005776,            0.005776,            0.005776
                 130,            0.032723,            0.037692,           0.0074306,             0.89287,             0.82933,             0.86851,             0.44671,            0.031508,            0.094772,           0.0091721,            0.005743,            0.005743,            0.005743
                 131,            0.033575,            0.037729,           0.0076423,             0.85381,             0.79861,             0.84333,             0.46412,            0.031971,            0.094859,           0.0083868,             0.00571,             0.00571,             0.00571
                 132,            0.032496,            0.037826,           0.0070039,             0.88498,             0.81485,             0.85459,             0.44509,             0.03214,            0.095264,           0.0092804,            0.005677,            0.005677,            0.005677
                 133,            0.034014,            0.037386,           0.0085639,             0.85043,             0.80066,             0.82799,             0.44406,            0.032202,            0.094937,            0.011505,            0.005644,            0.005644,            0.005644
                 134,            0.032763,            0.037363,           0.0072969,             0.85908,             0.76997,             0.82763,             0.44912,            0.031766,            0.094997,            0.013743,            0.005611,            0.005611,            0.005611
                 135,            0.033749,             0.03838,           0.0088748,             0.88926,             0.77801,             0.83922,             0.43693,            0.033116,              0.0955,            0.013796,            0.005578,            0.005578,            0.005578
                 136,            0.032565,            0.037936,           0.0078138,             0.88368,             0.78776,             0.83882,             0.44294,             0.03194,            0.094947,            0.014408,            0.005545,            0.005545,            0.005545
                 137,            0.033976,            0.038642,           0.0092385,              0.8148,             0.74761,             0.78823,             0.42105,            0.032443,            0.095811,            0.015631,            0.005512,            0.005512,            0.005512
                 138,            0.032142,             0.03745,           0.0077042,             0.84428,             0.76288,             0.81718,             0.43176,            0.031231,            0.095327,            0.015276,            0.005479,            0.005479,            0.005479
                 139,             0.03258,            0.038223,           0.0086148,             0.86811,             0.79862,              0.8502,             0.43635,            0.032355,            0.095594,             0.01278,            0.005446,            0.005446,            0.005446
                 140,            0.032609,            0.037421,           0.0081744,             0.89094,              0.7961,             0.86117,             0.46504,            0.031144,            0.095042,            0.012581,            0.005413,            0.005413,            0.005413
                 141,            0.032355,            0.037617,           0.0091384,             0.80923,             0.75798,              0.8197,             0.43013,            0.032326,            0.096514,            0.013828,             0.00538,             0.00538,             0.00538
                 142,            0.033358,            0.037885,           0.0077331,             0.78286,             0.72414,             0.77851,             0.42193,             0.03168,            0.095975,            0.015845,            0.005347,            0.005347,            0.005347
                 143,            0.032654,            0.038188,           0.0074588,             0.83414,             0.74765,              0.7954,             0.41808,            0.032081,            0.097652,            0.016473,            0.005314,            0.005314,            0.005314
                 144,            0.031892,            0.037888,           0.0073518,             0.88433,             0.78373,             0.83709,             0.44748,            0.031674,            0.095802,             0.01346,            0.005281,            0.005281,            0.005281
                 145,            0.032522,            0.037782,           0.0081064,             0.91294,             0.81379,             0.85077,             0.45095,            0.032016,            0.096331,            0.010436,            0.005248,            0.005248,            0.005248
                 146,            0.031877,            0.038023,           0.0072831,             0.89905,             0.80368,             0.85468,             0.45932,            0.031236,            0.095156,           0.0096063,            0.005215,            0.005215,            0.005215
                 147,            0.032231,            0.037832,           0.0075491,              0.8672,             0.77077,             0.83404,             0.45763,            0.031671,            0.095364,            0.010917,            0.005182,            0.005182,            0.005182
                 148,            0.031442,            0.037603,           0.0073948,             0.87348,             0.76682,             0.85504,              0.4676,            0.031198,            0.095966,            0.012781,            0.005149,            0.005149,            0.005149
                 149,            0.031952,             0.03768,           0.0072858,             0.87798,             0.79537,              0.8778,             0.46457,             0.03111,            0.095851,            0.015249,            0.005116,            0.005116,            0.005116
                 150,            0.031581,            0.037093,            0.007333,             0.90652,              0.8178,             0.87528,             0.47799,            0.030664,            0.094184,            0.011192,            0.005083,            0.005083,            0.005083
                 151,            0.032357,            0.038503,           0.0072284,             0.89661,              0.8136,             0.85582,             0.44563,            0.031496,            0.095297,            0.010558,             0.00505,             0.00505,             0.00505
                 152,            0.031698,            0.037405,           0.0068052,             0.90427,             0.79831,             0.85765,             0.44836,            0.030806,            0.095777,            0.014377,            0.005017,            0.005017,            0.005017
                 153,            0.032246,            0.037422,           0.0067917,             0.88158,             0.77342,             0.83067,             0.42866,             0.03123,            0.094326,            0.014384,            0.004984,            0.004984,            0.004984
                 154,            0.031261,            0.037546,            0.006556,             0.86952,             0.75773,             0.81033,             0.43816,            0.030711,            0.094083,            0.015543,            0.004951,            0.004951,            0.004951
                 155,              0.0319,            0.037532,           0.0069329,             0.87806,             0.72899,             0.80598,             0.44002,            0.030939,            0.094661,            0.014877,            0.004918,            0.004918,            0.004918
                 156,            0.031168,            0.036869,           0.0066315,             0.88338,             0.75662,             0.82752,             0.45066,            0.030549,            0.094511,            0.013692,            0.004885,            0.004885,            0.004885
                 157,            0.031574,            0.037324,           0.0064876,             0.92796,             0.78734,             0.85508,             0.46775,            0.031486,            0.094391,           0.0099966,            0.004852,            0.004852,            0.004852
                 158,            0.031747,            0.037317,           0.0065205,             0.90418,             0.79069,             0.85438,              0.4497,            0.030916,            0.094212,           0.0093404,            0.004819,            0.004819,            0.004819
                 159,             0.03138,            0.037068,           0.0063923,             0.88353,             0.77061,              0.8636,             0.47331,            0.030229,            0.092553,            0.011642,            0.004786,            0.004786,            0.004786
                 160,            0.030755,            0.036145,            0.006509,             0.87911,             0.78899,               0.877,             0.47342,            0.030694,            0.093532,            0.011898,            0.004753,            0.004753,            0.004753
                 161,            0.032083,            0.036839,           0.0066274,             0.82539,              0.7682,             0.85065,             0.45572,            0.031483,             0.09449,            0.012517,             0.00472,             0.00472,             0.00472
                 162,            0.031609,             0.03637,           0.0063582,             0.82563,             0.76626,             0.84074,             0.44731,            0.030993,            0.094488,            0.011968,            0.004687,            0.004687,            0.004687
                 163,            0.033033,            0.037535,           0.0066226,             0.89948,             0.83852,             0.89646,             0.47078,            0.031246,            0.094368,            0.010472,            0.004654,            0.004654,            0.004654
                 164,            0.030889,              0.0363,           0.0064567,             0.92395,             0.82493,             0.89391,             0.49314,            0.030346,             0.09332,            0.010649,            0.004621,            0.004621,            0.004621
                 165,            0.032045,            0.037189,           0.0065386,             0.88871,             0.78914,             0.87618,             0.45203,            0.031697,            0.095687,            0.014681,            0.004588,            0.004588,            0.004588
                 166,            0.030647,            0.036249,           0.0064189,             0.91068,              0.7897,             0.87528,             0.47549,            0.030707,            0.096363,            0.015551,            0.004555,            0.004555,            0.004555
                 167,            0.032019,            0.037369,           0.0065327,             0.86582,              0.7835,             0.85685,             0.44073,            0.032175,            0.096439,            0.014158,            0.004522,            0.004522,            0.004522
                 168,            0.030994,            0.036236,           0.0063717,             0.93334,             0.80211,             0.89559,              0.4648,            0.032083,            0.097228,            0.014649,            0.004489,            0.004489,            0.004489
                 169,            0.031865,            0.037433,           0.0070155,             0.86168,             0.75248,             0.82351,             0.35964,            0.035979,             0.10544,            0.020901,            0.004456,            0.004456,            0.004456
                 170,            0.030541,            0.036541,           0.0060904,             0.89633,              0.7786,             0.87508,             0.42032,            0.033805,             0.10149,            0.016865,            0.004423,            0.004423,            0.004423
                 171,            0.030597,            0.037055,           0.0065369,             0.86441,             0.82825,             0.92908,              0.4735,            0.031506,            0.097265,            0.013463,             0.00439,             0.00439,             0.00439
                 172,            0.030283,            0.036603,            0.006339,             0.91604,             0.82666,             0.90167,             0.50562,            0.029102,            0.091174,              0.0102,            0.004357,            0.004357,            0.004357
                 173,            0.029747,            0.035717,           0.0066549,             0.89561,             0.79543,             0.88065,             0.46932,            0.031034,             0.10278,            0.014113,            0.004324,            0.004324,            0.004324
                 174,            0.029334,            0.036444,           0.0066754,             0.86809,             0.75476,              0.8539,             0.48455,            0.030328,             0.10671,            0.016326,            0.004291,            0.004291,            0.004291
                 175,            0.029525,             0.03634,           0.0073722,             0.89806,             0.77812,             0.90011,             0.49567,            0.031029,             0.10251,            0.014337,            0.004258,            0.004258,            0.004258
                 176,            0.029188,            0.035399,           0.0062587,             0.93101,              0.8188,             0.92986,             0.51776,            0.029654,            0.093873,            0.010916,            0.004225,            0.004225,            0.004225
                 177,            0.029212,            0.035583,           0.0065519,             0.93828,             0.84878,             0.95052,             0.51883,            0.030292,            0.092222,            0.010125,            0.004192,            0.004192,            0.004192
                 178,            0.029275,            0.034704,           0.0065025,             0.93006,             0.83682,             0.93566,             0.53469,            0.028704,            0.091148,            0.011852,            0.004159,            0.004159,            0.004159
                 179,            0.029639,            0.035622,           0.0067831,             0.91168,             0.81987,              0.8603,             0.47345,            0.029774,            0.093303,            0.011615,            0.004126,            0.004126,            0.004126
                 180,            0.028618,             0.03488,           0.0066872,             0.93636,              0.8333,             0.87707,             0.50022,             0.02901,            0.091773,           0.0099573,            0.004093,            0.004093,            0.004093
                 181,            0.028878,            0.035331,           0.0063571,             0.92135,             0.82279,             0.86972,             0.49408,            0.030282,            0.093158,           0.0093301,             0.00406,             0.00406,             0.00406
                 182,            0.028317,            0.034966,           0.0062719,             0.90512,             0.80714,             0.88241,               0.498,            0.030922,            0.093934,            0.009362,            0.004027,            0.004027,            0.004027
                 183,            0.028713,            0.035009,            0.006122,             0.91942,             0.82278,             0.89117,             0.50334,            0.029731,            0.092819,           0.0096625,            0.003994,            0.003994,            0.003994
                 184,            0.028104,            0.034455,           0.0064211,             0.91652,             0.81806,             0.90481,             0.51538,            0.029829,            0.093158,           0.0088614,            0.003961,            0.003961,            0.003961
                 185,            0.029048,            0.035765,           0.0063422,             0.90534,             0.78196,             0.86861,              0.4853,            0.029539,            0.093084,            0.011069,            0.003928,            0.003928,            0.003928
                 186,            0.028256,            0.034511,           0.0063193,             0.86773,             0.75153,             0.84936,             0.48806,            0.028819,            0.091052,            0.015899,            0.003895,            0.003895,            0.003895
                 187,            0.029421,            0.035928,           0.0066044,             0.84511,             0.75158,             0.82694,             0.44816,            0.029609,            0.092606,            0.021046,            0.003862,            0.003862,            0.003862
                 188,              0.0282,            0.034493,           0.0059633,             0.86022,             0.77382,             0.85335,             0.48122,            0.028977,            0.090748,            0.019824,            0.003829,            0.003829,            0.003829
                 189,            0.029776,            0.035437,           0.0058922,             0.83598,             0.78449,             0.82448,             0.42814,            0.031081,            0.094828,             0.01415,            0.003796,            0.003796,            0.003796
                 190,            0.028669,            0.034859,            0.006294,             0.82997,             0.74894,             0.78717,             0.42678,            0.030392,            0.094459,            0.013136,            0.003763,            0.003763,            0.003763
                 191,            0.027674,            0.034715,           0.0058405,             0.90599,             0.80503,             0.87472,             0.47034,            0.030791,            0.095312,           0.0093071,             0.00373,             0.00373,             0.00373
                 192,            0.028394,            0.034457,           0.0060398,             0.91191,             0.85471,              0.9105,             0.51587,            0.028629,            0.090838,           0.0082631,            0.003697,            0.003697,            0.003697
                 193,            0.028348,            0.034863,           0.0060208,             0.90479,             0.76473,             0.86134,              0.4967,            0.030385,            0.094796,            0.011314,            0.003664,            0.003664,            0.003664
                 194,            0.027226,            0.034131,            0.005597,             0.88371,             0.75146,             0.85709,             0.48393,            0.029746,            0.094498,            0.012809,            0.003631,            0.003631,            0.003631
                 195,            0.028326,            0.034691,           0.0061544,             0.89577,             0.75187,             0.85557,             0.44539,             0.03112,            0.096663,            0.011539,            0.003598,            0.003598,            0.003598
                 196,            0.028503,            0.034402,           0.0057954,             0.86108,              0.7522,             0.83587,             0.43206,            0.031515,            0.098113,             0.01154,            0.003565,            0.003565,            0.003565
                 197,            0.028086,            0.034654,           0.0061438,             0.91581,             0.81385,             0.88425,             0.50064,            0.029273,            0.094155,            0.011053,            0.003532,            0.003532,            0.003532
                 198,            0.027122,            0.033188,           0.0058956,              0.9399,             0.84441,             0.91389,             0.52269,            0.028329,             0.09049,           0.0097593,            0.003499,            0.003499,            0.003499
                 199,            0.027995,            0.034437,           0.0058657,              0.9183,             0.83393,             0.90069,             0.49947,             0.02833,            0.088522,           0.0091643,            0.003466,            0.003466,            0.003466
                 200,            0.028028,            0.034425,           0.0058097,             0.92556,             0.84155,             0.91132,              0.5194,            0.028026,            0.088011,           0.0091802,            0.003433,            0.003433,            0.003433
                 201,            0.028074,            0.034206,           0.0058882,             0.94928,             0.85035,             0.91154,             0.48295,            0.029711,            0.090375,           0.0089281,              0.0034,              0.0034,              0.0034
                 202,            0.027261,            0.033992,           0.0057452,             0.87654,             0.79522,              0.8184,              0.3956,            0.032959,            0.095919,           0.0091891,            0.003367,            0.003367,            0.003367
                 203,            0.027579,            0.033096,           0.0060878,             0.86701,             0.74916,             0.79965,             0.36075,            0.035846,             0.10414,            0.010479,            0.003334,            0.003334,            0.003334
                 204,            0.026901,            0.032778,            0.005853,             0.91157,             0.77698,             0.82812,             0.38696,            0.034078,             0.10134,           0.0094305,            0.003301,            0.003301,            0.003301
                 205,            0.026367,            0.032666,           0.0057377,             0.94954,             0.84263,             0.84963,             0.42497,            0.031194,            0.093345,           0.0063427,            0.003268,            0.003268,            0.003268
                 206,            0.025994,            0.032037,           0.0057039,             0.97593,             0.88523,             0.92078,              0.5131,            0.028249,            0.087877,           0.0060172,            0.003235,            0.003235,            0.003235
                 207,            0.026364,            0.032885,           0.0055529,             0.96643,             0.88426,              0.9102,             0.54595,            0.026705,            0.085545,           0.0058411,            0.003202,            0.003202,            0.003202
                 208,            0.025573,            0.032223,           0.0055072,             0.96657,             0.88202,             0.93335,             0.57378,            0.026939,            0.086541,           0.0058138,            0.003169,            0.003169,            0.003169
                 209,             0.02702,            0.033399,            0.005677,             0.95019,             0.87743,             0.92283,             0.53296,            0.028379,             0.09036,           0.0058886,            0.003136,            0.003136,            0.003136
                 210,            0.026337,            0.033004,           0.0055801,             0.95493,             0.87674,             0.92759,             0.57036,            0.027108,            0.086991,           0.0058076,            0.003103,            0.003103,            0.003103
                 211,            0.026631,            0.033271,           0.0052876,             0.97262,               0.891,             0.94443,             0.54791,              0.0278,            0.085431,           0.0061261,             0.00307,             0.00307,             0.00307
                 212,            0.025677,            0.032264,           0.0055206,             0.97556,             0.88577,             0.94379,             0.55814,            0.027217,            0.085875,           0.0065716,            0.003037,            0.003037,            0.003037
                 213,            0.025815,            0.032218,           0.0055131,             0.97259,             0.88043,             0.92268,             0.51623,            0.028154,            0.087933,           0.0069739,            0.003004,            0.003004,            0.003004
                 214,            0.025823,            0.031798,           0.0056194,             0.97462,             0.87672,             0.91166,             0.52317,            0.027681,            0.087347,           0.0071477,            0.002971,            0.002971,            0.002971
                 215,            0.025455,            0.031736,           0.0057817,             0.96606,             0.87838,              0.9041,             0.51688,             0.02917,            0.088984,           0.0072235,            0.002938,            0.002938,            0.002938
                 216,            0.024824,            0.031245,           0.0055954,             0.97294,             0.88474,             0.90897,             0.54519,            0.027485,            0.086982,            0.006835,            0.002905,            0.002905,            0.002905
                 217,            0.024504,            0.031798,           0.0053555,             0.97446,             0.89447,             0.91133,             0.58586,            0.025543,            0.082948,           0.0059898,            0.002872,            0.002872,            0.002872
                 218,            0.024495,            0.031188,           0.0052505,             0.98096,             0.88971,             0.91395,             0.59286,            0.025138,            0.082288,           0.0058562,            0.002839,            0.002839,            0.002839
                 219,            0.024497,             0.03183,           0.0055563,             0.97449,             0.89405,             0.94301,             0.58573,            0.026277,            0.084352,           0.0058113,            0.002806,            0.002806,            0.002806
                 220,            0.024677,            0.031426,            0.005493,             0.97411,             0.89678,             0.94315,             0.60744,             0.02539,            0.082392,           0.0057584,            0.002773,            0.002773,            0.002773
                 221,            0.025263,            0.031917,           0.0051885,              0.9793,             0.88975,             0.94619,             0.61291,            0.025546,            0.082243,           0.0059442,             0.00274,             0.00274,             0.00274
                 222,            0.024836,            0.031676,           0.0051373,             0.98291,             0.89668,             0.94561,             0.59261,            0.026396,            0.084317,           0.0057584,            0.002707,            0.002707,            0.002707
                 223,            0.025523,            0.032267,           0.0053803,             0.97875,             0.89742,             0.94222,             0.59121,            0.026868,            0.085518,           0.0056541,            0.002674,            0.002674,            0.002674
                 224,            0.024977,             0.03157,           0.0048741,             0.97601,             0.89218,             0.94263,             0.59751,            0.025696,             0.08384,           0.0058586,            0.002641,            0.002641,            0.002641
                 225,            0.024202,            0.031455,           0.0050623,             0.97009,             0.88194,             0.94158,             0.60212,            0.025224,            0.081988,           0.0070667,            0.002608,            0.002608,            0.002608
                 226,            0.024935,            0.031593,           0.0053232,             0.97028,             0.88599,             0.94546,             0.60189,            0.024771,            0.081459,           0.0074966,            0.002575,            0.002575,            0.002575
                 227,            0.024151,            0.030779,           0.0050844,             0.97266,               0.885,             0.94724,             0.59563,            0.025291,            0.082217,           0.0070849,            0.002542,            0.002542,            0.002542
                 228,            0.024671,            0.031846,           0.0050641,             0.98207,              0.8951,             0.98825,             0.63077,            0.025034,            0.081766,           0.0060005,            0.002509,            0.002509,            0.002509
                 229,              0.0243,            0.030461,           0.0052512,             0.98239,             0.89402,             0.92822,             0.58302,            0.025659,            0.083426,           0.0056086,            0.002476,            0.002476,            0.002476
                 230,            0.024194,            0.031151,            0.005136,             0.98229,             0.89439,             0.92356,             0.57867,             0.02574,            0.084193,           0.0055688,            0.002443,            0.002443,            0.002443
                 231,             0.02411,            0.031007,           0.0050435,             0.96164,             0.87595,             0.90411,             0.54817,            0.026611,            0.087118,           0.0056087,             0.00241,             0.00241,             0.00241
                 232,            0.024075,            0.030643,            0.004787,             0.96101,             0.87743,             0.90804,              0.5532,            0.026807,            0.086301,            0.005811,            0.002377,            0.002377,            0.002377
                 233,             0.02391,            0.030184,           0.0050501,             0.96698,             0.88116,              0.9169,              0.5759,              0.0261,            0.085152,            0.006674,            0.002344,            0.002344,            0.002344
                 234,            0.024119,            0.031258,           0.0051929,             0.96935,             0.88509,             0.92399,             0.58444,            0.025754,            0.084499,           0.0061995,            0.002311,            0.002311,            0.002311
                 235,            0.023876,            0.030237,           0.0049349,             0.98153,             0.90004,             0.93919,             0.62361,            0.024428,            0.080928,           0.0055064,            0.002278,            0.002278,            0.002278
                 236,            0.023963,            0.030263,            0.005045,             0.98244,             0.89619,             0.94024,             0.60983,             0.02478,            0.081114,           0.0057461,            0.002245,            0.002245,            0.002245
                 237,             0.02452,            0.031008,           0.0050445,             0.97947,             0.87468,              0.9283,             0.58864,            0.025399,            0.085873,            0.007875,            0.002212,            0.002212,            0.002212
                 238,            0.023382,            0.030745,           0.0051792,             0.97464,             0.87501,             0.92897,             0.59163,            0.025428,            0.085384,           0.0075842,            0.002179,            0.002179,            0.002179
                 239,            0.024082,            0.030227,           0.0052217,             0.96699,             0.89023,             0.93008,             0.61064,            0.024788,            0.081814,            0.006345,            0.002146,            0.002146,            0.002146
                 240,            0.023544,            0.030424,           0.0051286,             0.97211,             0.89753,             0.93563,             0.61213,            0.024688,            0.080837,           0.0059966,            0.002113,            0.002113,            0.002113
                 241,            0.023318,            0.030472,           0.0048227,             0.97782,             0.90215,             0.94736,             0.63013,            0.024164,            0.079376,            0.005674,             0.00208,             0.00208,             0.00208
                 242,            0.023387,            0.029895,           0.0050613,             0.97983,             0.90146,             0.93997,              0.6244,            0.024325,            0.079776,           0.0055327,            0.002047,            0.002047,            0.002047
                 243,            0.023337,            0.030155,           0.0050469,             0.97722,             0.89314,              0.9299,               0.581,            0.026248,            0.083948,           0.0057474,            0.002014,            0.002014,            0.002014
                 244,            0.022775,            0.029824,           0.0046148,             0.97821,             0.89584,             0.93135,             0.58089,            0.026358,            0.084203,           0.0057618,            0.001981,            0.001981,            0.001981
                 245,              0.0231,            0.029994,           0.0047948,             0.97988,             0.89841,             0.93379,             0.59767,             0.02559,            0.083124,           0.0056268,            0.001948,            0.001948,            0.001948
                 246,            0.022864,            0.029367,           0.0047295,             0.98413,             0.90559,             0.93925,             0.60456,            0.025356,            0.082539,           0.0054742,            0.001915,            0.001915,            0.001915
                 247,            0.023115,            0.029543,           0.0046059,              0.9848,             0.90374,             0.93824,             0.62544,            0.024003,            0.079949,           0.0053394,            0.001882,            0.001882,            0.001882
                 248,            0.022688,            0.029067,           0.0046285,               0.985,             0.90351,              0.9376,              0.6309,            0.023902,            0.078928,            0.005242,            0.001849,            0.001849,            0.001849
                 249,            0.023345,            0.029691,           0.0049287,             0.98628,             0.90389,             0.94824,              0.6472,             0.02366,            0.078371,           0.0051064,            0.001816,            0.001816,            0.001816
                 250,            0.022555,             0.02967,           0.0046746,             0.98633,             0.90663,             0.94998,             0.63808,            0.024071,            0.078887,           0.0051075,            0.001783,            0.001783,            0.001783
                 251,            0.024166,            0.030367,            0.004848,             0.98551,             0.90525,             0.94834,             0.64359,            0.023911,            0.078885,           0.0051512,             0.00175,             0.00175,             0.00175
                 252,             0.02242,            0.029584,           0.0045227,             0.97725,             0.89323,             0.93869,             0.60434,             0.02466,            0.081125,           0.0051675,            0.001717,            0.001717,            0.001717
                 253,            0.024624,            0.030572,           0.0046949,             0.97331,             0.88865,             0.93514,             0.60558,            0.024957,            0.081538,           0.0052453,            0.001684,            0.001684,            0.001684
                 254,            0.022793,            0.030195,           0.0048084,             0.98343,             0.89867,             0.94465,             0.62997,             0.02398,            0.080504,            0.005292,            0.001651,            0.001651,            0.001651
                 255,            0.024401,            0.030998,           0.0049299,             0.98167,             0.89643,             0.94394,             0.61535,            0.024698,            0.082281,           0.0053724,            0.001618,            0.001618,            0.001618
                 256,            0.023522,            0.030016,              0.0049,             0.97431,              0.8903,              0.9389,             0.61466,            0.024746,            0.082512,           0.0053397,            0.001585,            0.001585,            0.001585
                 257,            0.023908,            0.030296,           0.0047782,             0.94755,             0.86401,             0.91325,             0.55363,            0.027167,            0.087038,           0.0055223,            0.001552,            0.001552,            0.001552
                 258,            0.023447,            0.029715,           0.0048017,             0.95761,             0.87483,             0.91998,             0.58263,            0.025888,            0.084901,           0.0056021,            0.001519,            0.001519,            0.001519
                 259,            0.023708,            0.030026,           0.0048796,             0.97558,             0.88972,             0.93807,             0.56642,            0.026524,            0.085804,           0.0056794,            0.001486,            0.001486,            0.001486
                 260,            0.024292,            0.030393,           0.0047522,             0.98134,             0.90001,             0.94487,             0.60132,            0.025068,            0.082571,            0.005429,            0.001453,            0.001453,            0.001453
                 261,            0.022968,            0.029432,           0.0046321,             0.98543,             0.90203,             0.94691,             0.62739,            0.023974,            0.078822,           0.0051849,             0.00142,             0.00142,             0.00142
                 262,            0.022845,            0.029391,           0.0046212,             0.98648,             0.90448,             0.94185,             0.63117,            0.023343,            0.077747,           0.0050908,            0.001387,            0.001387,            0.001387
                 263,            0.022781,            0.029641,           0.0046871,             0.98686,             0.90775,              0.9452,             0.62751,            0.024063,            0.078501,           0.0050114,            0.001354,            0.001354,            0.001354
                 264,            0.021989,             0.02889,           0.0045849,             0.98648,             0.90863,             0.95226,             0.62746,            0.024058,            0.079031,           0.0049871,            0.001321,            0.001321,            0.001321
                 265,            0.022997,            0.029623,           0.0047169,             0.98613,             0.90928,             0.95083,             0.64056,            0.023388,            0.077794,           0.0049689,            0.001288,            0.001288,            0.001288
                 266,            0.022085,            0.028804,           0.0047097,             0.98632,             0.90819,             0.95051,             0.65997,            0.022856,            0.076786,           0.0049365,            0.001255,            0.001255,            0.001255
                 267,            0.022952,            0.029246,           0.0045391,             0.98642,              0.9067,              0.9503,             0.63994,            0.023612,               0.078,           0.0049457,            0.001222,            0.001222,            0.001222
                 268,            0.021851,            0.029041,           0.0043968,             0.98744,             0.90665,             0.95021,              0.6548,            0.023357,            0.077584,           0.0049535,            0.001189,            0.001189,            0.001189
                 269,            0.022175,            0.028957,           0.0046673,             0.98832,              0.9072,             0.95128,             0.62439,            0.024242,            0.079255,           0.0050033,            0.001156,            0.001156,            0.001156
                 270,            0.021774,            0.028504,           0.0044643,             0.98818,             0.90604,             0.95006,             0.64713,            0.023692,            0.078278,            0.004986,            0.001123,            0.001123,            0.001123
                 271,            0.022218,            0.028755,           0.0045922,             0.98534,             0.90202,             0.94794,             0.63834,            0.024053,            0.078504,           0.0049677,             0.00109,             0.00109,             0.00109
                 272,            0.021891,            0.028102,           0.0044125,              0.9882,             0.90544,             0.95032,             0.65392,            0.023193,            0.077174,           0.0049265,            0.001057,            0.001057,            0.001057
                 273,            0.021695,            0.028185,           0.0044356,             0.98934,             0.90634,             0.95166,             0.66027,            0.023135,            0.076756,           0.0049191,            0.001024,            0.001024,            0.001024
                 274,            0.021753,            0.028447,           0.0046118,             0.98975,              0.9069,              0.9517,             0.66646,            0.022639,            0.076082,           0.0049085,            0.000991,            0.000991,            0.000991
                 275,            0.021346,            0.028086,           0.0046639,             0.98998,               0.906,             0.95211,             0.65576,            0.022896,            0.076442,           0.0048797,            0.000958,            0.000958,            0.000958
                 276,            0.021098,            0.027969,           0.0043322,             0.99045,             0.90676,             0.95186,             0.66173,            0.022612,             0.07586,           0.0048256,            0.000925,            0.000925,            0.000925
                 277,            0.020914,             0.02718,           0.0045472,             0.99085,             0.90741,             0.95136,             0.66787,            0.022199,            0.074972,           0.0047348,            0.000892,            0.000892,            0.000892
                 278,            0.021224,            0.027491,           0.0041684,             0.99092,             0.90762,             0.95157,             0.67148,            0.022169,            0.074866,           0.0047025,            0.000859,            0.000859,            0.000859
                 279,            0.021198,            0.027383,           0.0045776,             0.99139,             0.90828,             0.95261,             0.68097,             0.02198,             0.07432,           0.0046462,            0.000826,            0.000826,            0.000826
                 280,             0.02106,            0.027222,           0.0045229,             0.99046,             0.90699,             0.95183,             0.67327,            0.021934,            0.074209,           0.0046226,            0.000793,            0.000793,            0.000793
                 281,            0.020794,            0.027412,           0.0041489,             0.98967,             0.90587,             0.94345,             0.66442,            0.021938,            0.074282,           0.0045791,             0.00076,             0.00076,             0.00076
                 282,            0.021344,            0.027387,           0.0044746,             0.99031,             0.90675,             0.94444,             0.66837,            0.021801,            0.074144,            0.004563,            0.000727,            0.000727,            0.000727
                 283,            0.020705,            0.027416,           0.0044392,             0.99009,             0.90661,             0.94059,             0.66396,            0.022177,            0.075001,           0.0045703,            0.000694,            0.000694,            0.000694
                 284,             0.02071,             0.02744,            0.004317,              0.9904,              0.9068,             0.94052,              0.6656,             0.02212,            0.074901,           0.0045708,            0.000661,            0.000661,            0.000661
                 285,            0.020826,            0.027677,           0.0041323,             0.98969,             0.90609,             0.94282,             0.67028,            0.021937,            0.074493,           0.0045882,            0.000628,            0.000628,            0.000628
                 286,            0.020525,            0.027477,           0.0042431,             0.99064,             0.90679,             0.94363,             0.67044,            0.021928,            0.074333,           0.0046036,            0.000595,            0.000595,            0.000595
                 287,            0.020602,            0.027177,           0.0043439,             0.99133,             0.90727,             0.94385,             0.67157,            0.021891,            0.074384,           0.0046311,            0.000562,            0.000562,            0.000562
                 288,            0.020466,             0.02724,           0.0043264,             0.99085,             0.90686,             0.94338,             0.67249,            0.021876,            0.074406,           0.0046316,            0.000529,            0.000529,            0.000529
                 289,            0.020446,            0.027285,           0.0041998,             0.99189,             0.90785,             0.94036,             0.66323,            0.022146,            0.074942,           0.0046109,            0.000496,            0.000496,            0.000496
                 290,            0.020246,            0.026982,           0.0039693,             0.99184,             0.90804,             0.94057,             0.66706,            0.022206,            0.075051,           0.0045965,            0.000463,            0.000463,            0.000463
                 291,            0.020186,            0.027332,           0.0041999,              0.9928,             0.90936,             0.93682,             0.65982,            0.022214,            0.075093,           0.0045766,             0.00043,             0.00043,             0.00043
                 292,            0.019994,            0.027294,           0.0041624,             0.99203,             0.90842,             0.92519,             0.65663,            0.022019,            0.074636,           0.0045656,            0.000397,            0.000397,            0.000397
                 293,            0.020033,            0.026979,           0.0040739,             0.99116,             0.90746,             0.92394,             0.65945,            0.021847,            0.074127,             0.00454,            0.000364,            0.000364,            0.000364
                 294,            0.020019,            0.027083,           0.0043112,             0.99111,             0.90756,             0.93483,             0.67108,            0.021745,            0.073879,           0.0045239,            0.000331,            0.000331,            0.000331
                 295,            0.020417,            0.026589,           0.0042754,             0.99224,             0.90859,             0.93614,             0.67492,            0.021582,            0.073394,            0.004486,            0.000298,            0.000298,            0.000298
                 296,            0.020142,            0.026614,           0.0042128,             0.99225,             0.90863,             0.93606,             0.67464,            0.021531,            0.073207,           0.0044764,            0.000265,            0.000265,            0.000265
                 297,            0.020198,            0.026791,           0.0043174,             0.99234,             0.90863,             0.93692,             0.67827,            0.021407,            0.072884,           0.0044621,            0.000232,            0.000232,            0.000232
                 298,            0.020189,            0.026748,           0.0042152,             0.99243,             0.90867,             0.93683,             0.68137,            0.021344,            0.072721,           0.0044567,            0.000199,            0.000199,            0.000199
                 299,            0.020195,            0.026992,           0.0042504,             0.99271,             0.90861,             0.93662,             0.68216,            0.021236,            0.072268,           0.0044528,            0.000166,            0.000166,            0.000166
